<?xml version="1.0" encoding="UTF-8"?>
<TextureAtlas imagePath="atlas.png">
	<!--
	Created with ShoeBox
	http://renderhjs.net/shoebox/
	-->
	<SubTexture name="starling_art_1.png"	x="0"	y="0"	width="50"	height="26" frameX="-0" frameY="-0" frameWidth="50" frameHeight="50"/>
	<SubTexture name="starling_art_2.png"	x="0"	y="115"	width="42"	height="35" frameX="-8" frameY="-0" frameWidth="50" frameHeight="50"/>
	<SubTexture name="starling_art_3.png"	x="41"	y="219"	width="40"	height="35" frameX="-8" frameY="-0" frameWidth="50" frameHeight="50"/>
	<SubTexture name="starling_art_4.png"	x="0"	y="151"	width="41"	height="34" frameX="-8" frameY="-0" frameWidth="50" frameHeight="50"/>
	<SubTexture name="starling_art_5.png"	x="0"	y="219"	width="40"	height="32" frameX="-8" frameY="-0" frameWidth="50" frameHeight="50"/>
	<SubTexture name="starling_art_6.png"	x="0"	y="82"	width="42"	height="32" frameX="-7" frameY="-0" frameWidth="50" frameHeight="50"/>
	<SubTexture name="starling_art_7.png"	x="0"	y="186"	width="41"	height="32" frameX="-7" frameY="-0" frameWidth="50" frameHeight="50"/>
	<SubTexture name="starling_art_8.png"	x="42"	y="151"	width="39"	height="30" frameX="-8" frameY="-1" frameWidth="50" frameHeight="50"/>
	<SubTexture name="starling_art_9.png"	x="0"	y="55"	width="45"	height="26" frameX="-2" frameY="-1" frameWidth="50" frameHeight="50"/>
	<SubTexture name="starling_art_10.png"	x="0"	y="27"	width="47"	height="27" frameX="-1" frameY="-0" frameWidth="50" frameHeight="50"/>
	
</TextureAtlas>